{"cameraMode":{"drawMode":0,"name":"Shaded","section":"Shading Mode"},"sceneLighting":true,"audioPlay":false,"sceneViewState":{"m_AlwaysRefresh":false,"showFog":true,"showSkybox":true,"showFlares":true,"showImageEffects":true,"showParticleSystems":true,"showVisualEffectGraphs":true,"m_FxEnabled":true},"in2DMode":false,"pivot":{"x":-0.8963897824287415,"y":5.6384358406066898,"z":-1.4780800342559815},"rotation":{"x":0.5597286820411682,"y":-0.023115094751119615,"z":0.015592808835208416,"w":0.828231155872345},"size":8.88333797454834,"orthographic":false}